{
    "height": 480,
    "width": 640,
    "K2-not-use": [608.8029174804688, 0, 321.438720703125, 0, 607.3853759765625, 243.78787231445312, 0, 0, 1],
    "K": [347.99755859375, 0.0, 320.0, 0.0, 347.99755859375, 240.0, 0.0, 0.0, 1.0],
    "cam_to_tool0": [
        1, 0, 0, -3.250000000000000111e-02,
        0, 1, 0, -5.800000000000000294e-02,
        0, 0, 1, 1.190000000000000085e-02,
        0, 0, 0, 1
    ],
    "depth_topic": "/camera/depth/image_raw",
    "color_topic": "/camera/color/image_raw"
}