{
    "height": 480,
    "width": 640,
    "K": [608.8029174804688, 0, 321.438720703125, 0, 607.3853759765625, 243.78787231445312, 0, 0, 1]
}